subreddit,False,True
Am I the Asshole,30.599999999999998,69.39999999999999
Confessions,63.74999999999999,36.25
Today I Fucked Up,54.0,46.0
