subreddit,False,True
Am I the Asshole,45.2,54.800000000000004
Confessions,68.95833333333333,31.041666666666668
Today I Fucked Up,64.60000000000001,35.4
