subreddit,False,True
Am I the Asshole,31.6,68.4
Confessions,55.208333333333336,44.79166666666667
Today I Fucked Up,45.800000000000004,54.2
